-- phpMyAdmin SQL Dump
-- version 5.1.0
-- https://www.phpmyadmin.net/
--
-- Host: localhost
-- Generation Time: Jul 27, 2022 at 09:08 AM
-- Server version: 10.4.18-MariaDB
-- PHP Version: 7.4.16

SET SQL_MODE = "NO_AUTO_VALUE_ON_ZERO";
START TRANSACTION;
SET time_zone = "+00:00";


/*!40101 SET @OLD_CHARACTER_SET_CLIENT=@@CHARACTER_SET_CLIENT */;
/*!40101 SET @OLD_CHARACTER_SET_RESULTS=@@CHARACTER_SET_RESULTS */;
/*!40101 SET @OLD_COLLATION_CONNECTION=@@COLLATION_CONNECTION */;
/*!40101 SET NAMES utf8mb4 */;

--
-- Database: `db_edza`
--

-- --------------------------------------------------------

--
-- Table structure for table `failed_jobs`
--

CREATE TABLE `failed_jobs` (
  `id` bigint(20) UNSIGNED NOT NULL,
  `uuid` varchar(255) COLLATE utf8mb4_unicode_ci NOT NULL,
  `connection` text COLLATE utf8mb4_unicode_ci NOT NULL,
  `queue` text COLLATE utf8mb4_unicode_ci NOT NULL,
  `payload` longtext COLLATE utf8mb4_unicode_ci NOT NULL,
  `exception` longtext COLLATE utf8mb4_unicode_ci NOT NULL,
  `failed_at` timestamp NOT NULL DEFAULT current_timestamp()
) ENGINE=InnoDB DEFAULT CHARSET=utf8mb4 COLLATE=utf8mb4_unicode_ci;

-- --------------------------------------------------------

--
-- Table structure for table `kategoris`
--

CREATE TABLE `kategoris` (
  `id` bigint(20) UNSIGNED NOT NULL,
  `namakat` varchar(255) COLLATE utf8mb4_unicode_ci NOT NULL,
  `slug` varchar(255) COLLATE utf8mb4_unicode_ci NOT NULL,
  `gambarkat` varchar(255) COLLATE utf8mb4_unicode_ci NOT NULL,
  `created_at` timestamp NULL DEFAULT NULL,
  `updated_at` timestamp NULL DEFAULT NULL
) ENGINE=InnoDB DEFAULT CHARSET=utf8mb4 COLLATE=utf8mb4_unicode_ci;

--
-- Dumping data for table `kategoris`
--

INSERT INTO `kategoris` (`id`, `namakat`, `slug`, `gambarkat`, `created_at`, `updated_at`) VALUES
(1, 'Sepatu Sport', 'sepatu-sport', 'Kategori_0.speech.jpg', '2019-11-29 10:01:38', '2019-11-29 10:01:38'),
(2, 'Sepatu Sekolah', 'sepatu-sekolah', 'Kategori_0.concaef.jpg', '2019-11-29 10:10:55', '2019-11-29 10:10:55');

-- --------------------------------------------------------

--
-- Table structure for table `keranjang`
--

CREATE TABLE `keranjang` (
  `id` bigint(20) UNSIGNED NOT NULL,
  `user_id` bigint(20) UNSIGNED NOT NULL,
  `produk_id` bigint(20) UNSIGNED NOT NULL,
  `kuantitas` varchar(255) COLLATE utf8mb4_unicode_ci NOT NULL,
  `berat_produk` varchar(255) COLLATE utf8mb4_unicode_ci NOT NULL,
  `harga_produk` varchar(255) COLLATE utf8mb4_unicode_ci NOT NULL,
  `created_at` timestamp NULL DEFAULT NULL,
  `updated_at` timestamp NULL DEFAULT NULL
) ENGINE=InnoDB DEFAULT CHARSET=utf8mb4 COLLATE=utf8mb4_unicode_ci;

-- --------------------------------------------------------

--
-- Table structure for table `kota`
--

CREATE TABLE `kota` (
  `id` bigint(20) UNSIGNED NOT NULL,
  `nama` varchar(255) COLLATE utf8mb4_unicode_ci NOT NULL,
  `provinsi_id` bigint(20) UNSIGNED NOT NULL,
  `created_at` timestamp NULL DEFAULT NULL,
  `updated_at` timestamp NULL DEFAULT NULL
) ENGINE=InnoDB DEFAULT CHARSET=utf8mb4 COLLATE=utf8mb4_unicode_ci;

--
-- Dumping data for table `kota`
--

INSERT INTO `kota` (`id`, `nama`, `provinsi_id`, `created_at`, `updated_at`) VALUES
(1, 'Aceh Barat', 21, '2022-06-21 14:10:07', '2022-06-21 14:10:07'),
(2, 'Aceh Barat Daya', 21, '2022-06-21 14:10:07', '2022-06-21 14:10:07'),
(3, 'Aceh Besar', 21, '2022-06-21 14:10:08', '2022-06-21 14:10:08'),
(4, 'Aceh Jaya', 21, '2022-06-21 14:10:08', '2022-06-21 14:10:08'),
(5, 'Aceh Selatan', 21, '2022-06-21 14:10:08', '2022-06-21 14:10:08'),
(6, 'Aceh Singkil', 21, '2022-06-21 14:10:08', '2022-06-21 14:10:08'),
(7, 'Aceh Tamiang', 21, '2022-06-21 14:10:08', '2022-06-21 14:10:08'),
(8, 'Aceh Tengah', 21, '2022-06-21 14:10:08', '2022-06-21 14:10:08'),
(9, 'Aceh Tenggara', 21, '2022-06-21 14:10:08', '2022-06-21 14:10:08'),
(10, 'Aceh Timur', 21, '2022-06-21 14:10:08', '2022-06-21 14:10:08'),
(11, 'Aceh Utara', 21, '2022-06-21 14:10:08', '2022-06-21 14:10:08'),
(12, 'Agam', 32, '2022-06-21 14:10:30', '2022-06-21 14:10:30'),
(13, 'Alor', 23, '2022-06-21 14:10:12', '2022-06-21 14:10:12'),
(14, 'Ambon', 19, '2022-06-21 14:10:04', '2022-06-21 14:10:04'),
(15, 'Asahan', 34, '2022-06-21 14:10:37', '2022-06-21 14:10:37'),
(16, 'Asmat', 24, '2022-06-21 14:10:14', '2022-06-21 14:10:14'),
(17, 'Badung', 1, '2022-06-21 14:09:28', '2022-06-21 14:09:28'),
(18, 'Balangan', 13, '2022-06-21 14:09:53', '2022-06-21 14:09:53'),
(19, 'Balikpapan', 15, '2022-06-21 14:09:57', '2022-06-21 14:09:57'),
(20, 'Banda Aceh', 21, '2022-06-21 14:10:08', '2022-06-21 14:10:08'),
(21, 'Bandar Lampung', 18, '2022-06-21 14:10:02', '2022-06-21 14:10:02'),
(22, 'Bandung', 9, '2022-06-21 14:09:42', '2022-06-21 14:09:42'),
(23, 'Bandung', 9, '2022-06-21 14:09:42', '2022-06-21 14:09:42'),
(24, 'Bandung Barat', 9, '2022-06-21 14:09:42', '2022-06-21 14:09:42'),
(25, 'Banggai', 29, '2022-06-21 14:10:24', '2022-06-21 14:10:24'),
(26, 'Banggai Kepulauan', 29, '2022-06-21 14:10:24', '2022-06-21 14:10:24'),
(27, 'Bangka', 2, '2022-06-21 14:09:29', '2022-06-21 14:09:29'),
(28, 'Bangka Barat', 2, '2022-06-21 14:09:30', '2022-06-21 14:09:30'),
(29, 'Bangka Selatan', 2, '2022-06-21 14:09:30', '2022-06-21 14:09:30'),
(30, 'Bangka Tengah', 2, '2022-06-21 14:09:30', '2022-06-21 14:09:30'),
(31, 'Bangkalan', 11, '2022-06-21 14:09:48', '2022-06-21 14:09:48'),
(32, 'Bangli', 1, '2022-06-21 14:09:28', '2022-06-21 14:09:28'),
(33, 'Banjar', 13, '2022-06-21 14:09:53', '2022-06-21 14:09:53'),
(34, 'Banjar', 9, '2022-06-21 14:09:42', '2022-06-21 14:09:42'),
(35, 'Banjarbaru', 13, '2022-06-21 14:09:53', '2022-06-21 14:09:53'),
(36, 'Banjarmasin', 13, '2022-06-21 14:09:53', '2022-06-21 14:09:53'),
(37, 'Banjarnegara', 10, '2022-06-21 14:09:45', '2022-06-21 14:09:45'),
(38, 'Bantaeng', 28, '2022-06-21 14:10:22', '2022-06-21 14:10:22'),
(39, 'Bantul', 5, '2022-06-21 14:09:35', '2022-06-21 14:09:35'),
(40, 'Banyuasin', 33, '2022-06-21 14:10:35', '2022-06-21 14:10:35'),
(41, 'Banyumas', 10, '2022-06-21 14:09:45', '2022-06-21 14:09:45'),
(42, 'Banyuwangi', 11, '2022-06-21 14:09:48', '2022-06-21 14:09:48'),
(43, 'Barito Kuala', 13, '2022-06-21 14:09:53', '2022-06-21 14:09:53'),
(44, 'Barito Selatan', 14, '2022-06-21 14:09:55', '2022-06-21 14:09:55'),
(45, 'Barito Timur', 14, '2022-06-21 14:09:55', '2022-06-21 14:09:55'),
(46, 'Barito Utara', 14, '2022-06-21 14:09:55', '2022-06-21 14:09:55'),
(47, 'Barru', 28, '2022-06-21 14:10:22', '2022-06-21 14:10:22'),
(48, 'Batam', 17, '2022-06-21 14:10:00', '2022-06-21 14:10:00'),
(49, 'Batang', 10, '2022-06-21 14:09:45', '2022-06-21 14:09:45'),
(50, 'Batang Hari', 8, '2022-06-21 14:09:40', '2022-06-21 14:09:40'),
(51, 'Batu', 11, '2022-06-21 14:09:48', '2022-06-21 14:09:48'),
(52, 'Batu Bara', 34, '2022-06-21 14:10:37', '2022-06-21 14:10:37'),
(53, 'Bau-Bau', 30, '2022-06-21 14:10:26', '2022-06-21 14:10:26'),
(54, 'Bekasi', 9, '2022-06-21 14:09:42', '2022-06-21 14:09:42'),
(55, 'Bekasi', 9, '2022-06-21 14:09:42', '2022-06-21 14:09:42'),
(56, 'Belitung', 2, '2022-06-21 14:09:30', '2022-06-21 14:09:30'),
(57, 'Belitung Timur', 2, '2022-06-21 14:09:30', '2022-06-21 14:09:30'),
(58, 'Belu', 23, '2022-06-21 14:10:12', '2022-06-21 14:10:12'),
(59, 'Bener Meriah', 21, '2022-06-21 14:10:08', '2022-06-21 14:10:08'),
(60, 'Bengkalis', 26, '2022-06-21 14:10:19', '2022-06-21 14:10:19'),
(61, 'Bengkayang', 12, '2022-06-21 14:09:51', '2022-06-21 14:09:51'),
(62, 'Bengkulu', 4, '2022-06-21 14:09:33', '2022-06-21 14:09:33'),
(63, 'Bengkulu Selatan', 4, '2022-06-21 14:09:33', '2022-06-21 14:09:33'),
(64, 'Bengkulu Tengah', 4, '2022-06-21 14:09:33', '2022-06-21 14:09:33'),
(65, 'Bengkulu Utara', 4, '2022-06-21 14:09:33', '2022-06-21 14:09:33'),
(66, 'Berau', 15, '2022-06-21 14:09:57', '2022-06-21 14:09:57'),
(67, 'Biak Numfor', 24, '2022-06-21 14:10:14', '2022-06-21 14:10:14'),
(68, 'Bima', 22, '2022-06-21 14:10:10', '2022-06-21 14:10:10'),
(69, 'Bima', 22, '2022-06-21 14:10:10', '2022-06-21 14:10:10'),
(70, 'Binjai', 34, '2022-06-21 14:10:37', '2022-06-21 14:10:37'),
(71, 'Bintan', 17, '2022-06-21 14:10:00', '2022-06-21 14:10:00'),
(72, 'Bireuen', 21, '2022-06-21 14:10:08', '2022-06-21 14:10:08'),
(73, 'Bitung', 31, '2022-06-21 14:10:28', '2022-06-21 14:10:28'),
(74, 'Blitar', 11, '2022-06-21 14:09:48', '2022-06-21 14:09:48'),
(75, 'Blitar', 11, '2022-06-21 14:09:48', '2022-06-21 14:09:48'),
(76, 'Blora', 10, '2022-06-21 14:09:45', '2022-06-21 14:09:45'),
(77, 'Boalemo', 7, '2022-06-21 14:09:38', '2022-06-21 14:09:38'),
(78, 'Bogor', 9, '2022-06-21 14:09:42', '2022-06-21 14:09:42'),
(79, 'Bogor', 9, '2022-06-21 14:09:42', '2022-06-21 14:09:42'),
(80, 'Bojonegoro', 11, '2022-06-21 14:09:48', '2022-06-21 14:09:48'),
(81, 'Bolaang Mongondow (Bolmong)', 31, '2022-06-21 14:10:28', '2022-06-21 14:10:28'),
(82, 'Bolaang Mongondow Selatan', 31, '2022-06-21 14:10:28', '2022-06-21 14:10:28'),
(83, 'Bolaang Mongondow Timur', 31, '2022-06-21 14:10:28', '2022-06-21 14:10:28'),
(84, 'Bolaang Mongondow Utara', 31, '2022-06-21 14:10:28', '2022-06-21 14:10:28'),
(85, 'Bombana', 30, '2022-06-21 14:10:26', '2022-06-21 14:10:26'),
(86, 'Bondowoso', 11, '2022-06-21 14:09:48', '2022-06-21 14:09:48'),
(87, 'Bone', 28, '2022-06-21 14:10:22', '2022-06-21 14:10:22'),
(88, 'Bone Bolango', 7, '2022-06-21 14:09:38', '2022-06-21 14:09:38'),
(89, 'Bontang', 15, '2022-06-21 14:09:57', '2022-06-21 14:09:57'),
(90, 'Boven Digoel', 24, '2022-06-21 14:10:14', '2022-06-21 14:10:14'),
(91, 'Boyolali', 10, '2022-06-21 14:09:45', '2022-06-21 14:09:45'),
(92, 'Brebes', 10, '2022-06-21 14:09:45', '2022-06-21 14:09:45'),
(93, 'Bukittinggi', 32, '2022-06-21 14:10:31', '2022-06-21 14:10:31'),
(94, 'Buleleng', 1, '2022-06-21 14:09:28', '2022-06-21 14:09:28'),
(95, 'Bulukumba', 28, '2022-06-21 14:10:22', '2022-06-21 14:10:22'),
(96, 'Bulungan (Bulongan)', 16, '2022-06-21 14:09:59', '2022-06-21 14:09:59'),
(97, 'Bungo', 8, '2022-06-21 14:09:40', '2022-06-21 14:09:40'),
(98, 'Buol', 29, '2022-06-21 14:10:24', '2022-06-21 14:10:24'),
(99, 'Buru', 19, '2022-06-21 14:10:04', '2022-06-21 14:10:04'),
(100, 'Buru Selatan', 19, '2022-06-21 14:10:04', '2022-06-21 14:10:04'),
(101, 'Buton', 30, '2022-06-21 14:10:26', '2022-06-21 14:10:26'),
(102, 'Buton Utara', 30, '2022-06-21 14:10:26', '2022-06-21 14:10:26'),
(103, 'Ciamis', 9, '2022-06-21 14:09:42', '2022-06-21 14:09:42'),
(104, 'Cianjur', 9, '2022-06-21 14:09:42', '2022-06-21 14:09:42'),
(105, 'Cilacap', 10, '2022-06-21 14:09:45', '2022-06-21 14:09:45'),
(106, 'Cilegon', 3, '2022-06-21 14:09:31', '2022-06-21 14:09:31'),
(107, 'Cimahi', 9, '2022-06-21 14:09:42', '2022-06-21 14:09:42'),
(108, 'Cirebon', 9, '2022-06-21 14:09:42', '2022-06-21 14:09:42'),
(109, 'Cirebon', 9, '2022-06-21 14:09:42', '2022-06-21 14:09:42'),
(110, 'Dairi', 34, '2022-06-21 14:10:37', '2022-06-21 14:10:37'),
(111, 'Deiyai (Deliyai)', 24, '2022-06-21 14:10:14', '2022-06-21 14:10:14'),
(112, 'Deli Serdang', 34, '2022-06-21 14:10:37', '2022-06-21 14:10:37'),
(113, 'Demak', 10, '2022-06-21 14:09:45', '2022-06-21 14:09:45'),
(114, 'Denpasar', 1, '2022-06-21 14:09:28', '2022-06-21 14:09:28'),
(115, 'Depok', 9, '2022-06-21 14:09:42', '2022-06-21 14:09:42'),
(116, 'Dharmasraya', 32, '2022-06-21 14:10:31', '2022-06-21 14:10:31'),
(117, 'Dogiyai', 24, '2022-06-21 14:10:14', '2022-06-21 14:10:14'),
(118, 'Dompu', 22, '2022-06-21 14:10:10', '2022-06-21 14:10:10'),
(119, 'Donggala', 29, '2022-06-21 14:10:25', '2022-06-21 14:10:25'),
(120, 'Dumai', 26, '2022-06-21 14:10:19', '2022-06-21 14:10:19'),
(121, 'Empat Lawang', 33, '2022-06-21 14:10:35', '2022-06-21 14:10:35'),
(122, 'Ende', 23, '2022-06-21 14:10:12', '2022-06-21 14:10:12'),
(123, 'Enrekang', 28, '2022-06-21 14:10:22', '2022-06-21 14:10:22'),
(124, 'Fakfak', 25, '2022-06-21 14:10:17', '2022-06-21 14:10:17'),
(125, 'Flores Timur', 23, '2022-06-21 14:10:12', '2022-06-21 14:10:12'),
(126, 'Garut', 9, '2022-06-21 14:09:42', '2022-06-21 14:09:42'),
(127, 'Gayo Lues', 21, '2022-06-21 14:10:08', '2022-06-21 14:10:08'),
(128, 'Gianyar', 1, '2022-06-21 14:09:28', '2022-06-21 14:09:28'),
(129, 'Gorontalo', 7, '2022-06-21 14:09:38', '2022-06-21 14:09:38'),
(130, 'Gorontalo', 7, '2022-06-21 14:09:38', '2022-06-21 14:09:38'),
(131, 'Gorontalo Utara', 7, '2022-06-21 14:09:38', '2022-06-21 14:09:38'),
(132, 'Gowa', 28, '2022-06-21 14:10:22', '2022-06-21 14:10:22'),
(133, 'Gresik', 11, '2022-06-21 14:09:48', '2022-06-21 14:09:48'),
(134, 'Grobogan', 10, '2022-06-21 14:09:45', '2022-06-21 14:09:45'),
(135, 'Gunung Kidul', 5, '2022-06-21 14:09:35', '2022-06-21 14:09:35'),
(136, 'Gunung Mas', 14, '2022-06-21 14:09:55', '2022-06-21 14:09:55'),
(137, 'Gunungsitoli', 34, '2022-06-21 14:10:38', '2022-06-21 14:10:38'),
(138, 'Halmahera Barat', 20, '2022-06-21 14:10:06', '2022-06-21 14:10:06'),
(139, 'Halmahera Selatan', 20, '2022-06-21 14:10:06', '2022-06-21 14:10:06'),
(140, 'Halmahera Tengah', 20, '2022-06-21 14:10:06', '2022-06-21 14:10:06'),
(141, 'Halmahera Timur', 20, '2022-06-21 14:10:06', '2022-06-21 14:10:06'),
(142, 'Halmahera Utara', 20, '2022-06-21 14:10:06', '2022-06-21 14:10:06'),
(143, 'Hulu Sungai Selatan', 13, '2022-06-21 14:09:53', '2022-06-21 14:09:53'),
(144, 'Hulu Sungai Tengah', 13, '2022-06-21 14:09:53', '2022-06-21 14:09:53'),
(145, 'Hulu Sungai Utara', 13, '2022-06-21 14:09:53', '2022-06-21 14:09:53'),
(146, 'Humbang Hasundutan', 34, '2022-06-21 14:10:38', '2022-06-21 14:10:38'),
(147, 'Indragiri Hilir', 26, '2022-06-21 14:10:19', '2022-06-21 14:10:19'),
(148, 'Indragiri Hulu', 26, '2022-06-21 14:10:19', '2022-06-21 14:10:19'),
(149, 'Indramayu', 9, '2022-06-21 14:09:42', '2022-06-21 14:09:42'),
(150, 'Intan Jaya', 24, '2022-06-21 14:10:14', '2022-06-21 14:10:14'),
(151, 'Jakarta Barat', 6, '2022-06-21 14:09:36', '2022-06-21 14:09:36'),
(152, 'Jakarta Pusat', 6, '2022-06-21 14:09:36', '2022-06-21 14:09:36'),
(153, 'Jakarta Selatan', 6, '2022-06-21 14:09:36', '2022-06-21 14:09:36'),
(154, 'Jakarta Timur', 6, '2022-06-21 14:09:36', '2022-06-21 14:09:36'),
(155, 'Jakarta Utara', 6, '2022-06-21 14:09:37', '2022-06-21 14:09:37'),
(156, 'Jambi', 8, '2022-06-21 14:09:40', '2022-06-21 14:09:40'),
(157, 'Jayapura', 24, '2022-06-21 14:10:14', '2022-06-21 14:10:14'),
(158, 'Jayapura', 24, '2022-06-21 14:10:14', '2022-06-21 14:10:14'),
(159, 'Jayawijaya', 24, '2022-06-21 14:10:14', '2022-06-21 14:10:14'),
(160, 'Jember', 11, '2022-06-21 14:09:48', '2022-06-21 14:09:48'),
(161, 'Jembrana', 1, '2022-06-21 14:09:28', '2022-06-21 14:09:28'),
(162, 'Jeneponto', 28, '2022-06-21 14:10:22', '2022-06-21 14:10:22'),
(163, 'Jepara', 10, '2022-06-21 14:09:45', '2022-06-21 14:09:45'),
(164, 'Jombang', 11, '2022-06-21 14:09:48', '2022-06-21 14:09:48'),
(165, 'Kaimana', 25, '2022-06-21 14:10:17', '2022-06-21 14:10:17'),
(166, 'Kampar', 26, '2022-06-21 14:10:19', '2022-06-21 14:10:19'),
(167, 'Kapuas', 14, '2022-06-21 14:09:55', '2022-06-21 14:09:55'),
(168, 'Kapuas Hulu', 12, '2022-06-21 14:09:51', '2022-06-21 14:09:51'),
(169, 'Karanganyar', 10, '2022-06-21 14:09:45', '2022-06-21 14:09:45'),
(170, 'Karangasem', 1, '2022-06-21 14:09:28', '2022-06-21 14:09:28'),
(171, 'Karawang', 9, '2022-06-21 14:09:42', '2022-06-21 14:09:42'),
(172, 'Karimun', 17, '2022-06-21 14:10:00', '2022-06-21 14:10:00'),
(173, 'Karo', 34, '2022-06-21 14:10:38', '2022-06-21 14:10:38'),
(174, 'Katingan', 14, '2022-06-21 14:09:55', '2022-06-21 14:09:55'),
(175, 'Kaur', 4, '2022-06-21 14:09:33', '2022-06-21 14:09:33'),
(176, 'Kayong Utara', 12, '2022-06-21 14:09:51', '2022-06-21 14:09:51'),
(177, 'Kebumen', 10, '2022-06-21 14:09:45', '2022-06-21 14:09:45'),
(178, 'Kediri', 11, '2022-06-21 14:09:48', '2022-06-21 14:09:48'),
(179, 'Kediri', 11, '2022-06-21 14:09:48', '2022-06-21 14:09:48'),
(180, 'Keerom', 24, '2022-06-21 14:10:14', '2022-06-21 14:10:14'),
(181, 'Kendal', 10, '2022-06-21 14:09:45', '2022-06-21 14:09:45'),
(182, 'Kendari', 30, '2022-06-21 14:10:27', '2022-06-21 14:10:27'),
(183, 'Kepahiang', 4, '2022-06-21 14:09:33', '2022-06-21 14:09:33'),
(184, 'Kepulauan Anambas', 17, '2022-06-21 14:10:00', '2022-06-21 14:10:00'),
(185, 'Kepulauan Aru', 19, '2022-06-21 14:10:04', '2022-06-21 14:10:04'),
(186, 'Kepulauan Mentawai', 32, '2022-06-21 14:10:31', '2022-06-21 14:10:31'),
(187, 'Kepulauan Meranti', 26, '2022-06-21 14:10:19', '2022-06-21 14:10:19'),
(188, 'Kepulauan Sangihe', 31, '2022-06-21 14:10:29', '2022-06-21 14:10:29'),
(189, 'Kepulauan Seribu', 6, '2022-06-21 14:09:37', '2022-06-21 14:09:37'),
(190, 'Kepulauan Siau Tagulandang Biaro (Sitaro)', 31, '2022-06-21 14:10:29', '2022-06-21 14:10:29'),
(191, 'Kepulauan Sula', 20, '2022-06-21 14:10:06', '2022-06-21 14:10:06'),
(192, 'Kepulauan Talaud', 31, '2022-06-21 14:10:29', '2022-06-21 14:10:29'),
(193, 'Kepulauan Yapen (Yapen Waropen)', 24, '2022-06-21 14:10:14', '2022-06-21 14:10:14'),
(194, 'Kerinci', 8, '2022-06-21 14:09:40', '2022-06-21 14:09:40'),
(195, 'Ketapang', 12, '2022-06-21 14:09:51', '2022-06-21 14:09:51'),
(196, 'Klaten', 10, '2022-06-21 14:09:45', '2022-06-21 14:09:45'),
(197, 'Klungkung', 1, '2022-06-21 14:09:28', '2022-06-21 14:09:28'),
(198, 'Kolaka', 30, '2022-06-21 14:10:27', '2022-06-21 14:10:27'),
(199, 'Kolaka Utara', 30, '2022-06-21 14:10:27', '2022-06-21 14:10:27'),
(200, 'Konawe', 30, '2022-06-21 14:10:27', '2022-06-21 14:10:27'),
(201, 'Konawe Selatan', 30, '2022-06-21 14:10:27', '2022-06-21 14:10:27'),
(202, 'Konawe Utara', 30, '2022-06-21 14:10:27', '2022-06-21 14:10:27'),
(203, 'Kotabaru', 13, '2022-06-21 14:09:54', '2022-06-21 14:09:54'),
(204, 'Kotamobagu', 31, '2022-06-21 14:10:29', '2022-06-21 14:10:29'),
(205, 'Kotawaringin Barat', 14, '2022-06-21 14:09:55', '2022-06-21 14:09:55'),
(206, 'Kotawaringin Timur', 14, '2022-06-21 14:09:55', '2022-06-21 14:09:55'),
(207, 'Kuantan Singingi', 26, '2022-06-21 14:10:19', '2022-06-21 14:10:19'),
(208, 'Kubu Raya', 12, '2022-06-21 14:09:51', '2022-06-21 14:09:51'),
(209, 'Kudus', 10, '2022-06-21 14:09:45', '2022-06-21 14:09:45'),
(210, 'Kulon Progo', 5, '2022-06-21 14:09:35', '2022-06-21 14:09:35'),
(211, 'Kuningan', 9, '2022-06-21 14:09:43', '2022-06-21 14:09:43'),
(212, 'Kupang', 23, '2022-06-21 14:10:12', '2022-06-21 14:10:12'),
(213, 'Kupang', 23, '2022-06-21 14:10:12', '2022-06-21 14:10:12'),
(214, 'Kutai Barat', 15, '2022-06-21 14:09:57', '2022-06-21 14:09:57'),
(215, 'Kutai Kartanegara', 15, '2022-06-21 14:09:57', '2022-06-21 14:09:57'),
(216, 'Kutai Timur', 15, '2022-06-21 14:09:57', '2022-06-21 14:09:57'),
(217, 'Labuhan Batu', 34, '2022-06-21 14:10:38', '2022-06-21 14:10:38'),
(218, 'Labuhan Batu Selatan', 34, '2022-06-21 14:10:38', '2022-06-21 14:10:38'),
(219, 'Labuhan Batu Utara', 34, '2022-06-21 14:10:38', '2022-06-21 14:10:38'),
(220, 'Lahat', 33, '2022-06-21 14:10:35', '2022-06-21 14:10:35'),
(221, 'Lamandau', 14, '2022-06-21 14:09:55', '2022-06-21 14:09:55'),
(222, 'Lamongan', 11, '2022-06-21 14:09:48', '2022-06-21 14:09:48'),
(223, 'Lampung Barat', 18, '2022-06-21 14:10:02', '2022-06-21 14:10:02'),
(224, 'Lampung Selatan', 18, '2022-06-21 14:10:02', '2022-06-21 14:10:02'),
(225, 'Lampung Tengah', 18, '2022-06-21 14:10:02', '2022-06-21 14:10:02'),
(226, 'Lampung Timur', 18, '2022-06-21 14:10:02', '2022-06-21 14:10:02'),
(227, 'Lampung Utara', 18, '2022-06-21 14:10:02', '2022-06-21 14:10:02'),
(228, 'Landak', 12, '2022-06-21 14:09:51', '2022-06-21 14:09:51'),
(229, 'Langkat', 34, '2022-06-21 14:10:38', '2022-06-21 14:10:38'),
(230, 'Langsa', 21, '2022-06-21 14:10:08', '2022-06-21 14:10:08'),
(231, 'Lanny Jaya', 24, '2022-06-21 14:10:15', '2022-06-21 14:10:15'),
(232, 'Lebak', 3, '2022-06-21 14:09:31', '2022-06-21 14:09:31'),
(233, 'Lebong', 4, '2022-06-21 14:09:33', '2022-06-21 14:09:33'),
(234, 'Lembata', 23, '2022-06-21 14:10:12', '2022-06-21 14:10:12'),
(235, 'Lhokseumawe', 21, '2022-06-21 14:10:08', '2022-06-21 14:10:08'),
(236, 'Lima Puluh Koto/Kota', 32, '2022-06-21 14:10:31', '2022-06-21 14:10:31'),
(237, 'Lingga', 17, '2022-06-21 14:10:01', '2022-06-21 14:10:01'),
(238, 'Lombok Barat', 22, '2022-06-21 14:10:10', '2022-06-21 14:10:10'),
(239, 'Lombok Tengah', 22, '2022-06-21 14:10:10', '2022-06-21 14:10:10'),
(240, 'Lombok Timur', 22, '2022-06-21 14:10:10', '2022-06-21 14:10:10'),
(241, 'Lombok Utara', 22, '2022-06-21 14:10:10', '2022-06-21 14:10:10'),
(242, 'Lubuk Linggau', 33, '2022-06-21 14:10:35', '2022-06-21 14:10:35'),
(243, 'Lumajang', 11, '2022-06-21 14:09:48', '2022-06-21 14:09:48'),
(244, 'Luwu', 28, '2022-06-21 14:10:22', '2022-06-21 14:10:22'),
(245, 'Luwu Timur', 28, '2022-06-21 14:10:22', '2022-06-21 14:10:22'),
(246, 'Luwu Utara', 28, '2022-06-21 14:10:22', '2022-06-21 14:10:22'),
(247, 'Madiun', 11, '2022-06-21 14:09:48', '2022-06-21 14:09:48'),
(248, 'Madiun', 11, '2022-06-21 14:09:48', '2022-06-21 14:09:48'),
(249, 'Magelang', 10, '2022-06-21 14:09:45', '2022-06-21 14:09:45'),
(250, 'Magelang', 10, '2022-06-21 14:09:45', '2022-06-21 14:09:45'),
(251, 'Magetan', 11, '2022-06-21 14:09:48', '2022-06-21 14:09:48'),
(252, 'Majalengka', 9, '2022-06-21 14:09:43', '2022-06-21 14:09:43'),
(253, 'Majene', 27, '2022-06-21 14:10:20', '2022-06-21 14:10:20'),
(254, 'Makassar', 28, '2022-06-21 14:10:22', '2022-06-21 14:10:22'),
(255, 'Malang', 11, '2022-06-21 14:09:48', '2022-06-21 14:09:48'),
(256, 'Malang', 11, '2022-06-21 14:09:48', '2022-06-21 14:09:48'),
(257, 'Malinau', 16, '2022-06-21 14:09:59', '2022-06-21 14:09:59'),
(258, 'Maluku Barat Daya', 19, '2022-06-21 14:10:04', '2022-06-21 14:10:04'),
(259, 'Maluku Tengah', 19, '2022-06-21 14:10:04', '2022-06-21 14:10:04'),
(260, 'Maluku Tenggara', 19, '2022-06-21 14:10:04', '2022-06-21 14:10:04'),
(261, 'Maluku Tenggara Barat', 19, '2022-06-21 14:10:04', '2022-06-21 14:10:04'),
(262, 'Mamasa', 27, '2022-06-21 14:10:21', '2022-06-21 14:10:21'),
(263, 'Mamberamo Raya', 24, '2022-06-21 14:10:15', '2022-06-21 14:10:15'),
(264, 'Mamberamo Tengah', 24, '2022-06-21 14:10:15', '2022-06-21 14:10:15'),
(265, 'Mamuju', 27, '2022-06-21 14:10:21', '2022-06-21 14:10:21'),
(266, 'Mamuju Utara', 27, '2022-06-21 14:10:21', '2022-06-21 14:10:21'),
(267, 'Manado', 31, '2022-06-21 14:10:29', '2022-06-21 14:10:29'),
(268, 'Mandailing Natal', 34, '2022-06-21 14:10:38', '2022-06-21 14:10:38'),
(269, 'Manggarai', 23, '2022-06-21 14:10:12', '2022-06-21 14:10:12'),
(270, 'Manggarai Barat', 23, '2022-06-21 14:10:12', '2022-06-21 14:10:12'),
(271, 'Manggarai Timur', 23, '2022-06-21 14:10:12', '2022-06-21 14:10:12'),
(272, 'Manokwari', 25, '2022-06-21 14:10:17', '2022-06-21 14:10:17'),
(273, 'Manokwari Selatan', 25, '2022-06-21 14:10:17', '2022-06-21 14:10:17'),
(274, 'Mappi', 24, '2022-06-21 14:10:15', '2022-06-21 14:10:15'),
(275, 'Maros', 28, '2022-06-21 14:10:22', '2022-06-21 14:10:22'),
(276, 'Mataram', 22, '2022-06-21 14:10:10', '2022-06-21 14:10:10'),
(277, 'Maybrat', 25, '2022-06-21 14:10:17', '2022-06-21 14:10:17'),
(278, 'Medan', 34, '2022-06-21 14:10:38', '2022-06-21 14:10:38'),
(279, 'Melawi', 12, '2022-06-21 14:09:51', '2022-06-21 14:09:51'),
(280, 'Merangin', 8, '2022-06-21 14:09:40', '2022-06-21 14:09:40'),
(281, 'Merauke', 24, '2022-06-21 14:10:15', '2022-06-21 14:10:15'),
(282, 'Mesuji', 18, '2022-06-21 14:10:02', '2022-06-21 14:10:02'),
(283, 'Metro', 18, '2022-06-21 14:10:03', '2022-06-21 14:10:03'),
(284, 'Mimika', 24, '2022-06-21 14:10:15', '2022-06-21 14:10:15'),
(285, 'Minahasa', 31, '2022-06-21 14:10:29', '2022-06-21 14:10:29'),
(286, 'Minahasa Selatan', 31, '2022-06-21 14:10:29', '2022-06-21 14:10:29'),
(287, 'Minahasa Tenggara', 31, '2022-06-21 14:10:29', '2022-06-21 14:10:29'),
(288, 'Minahasa Utara', 31, '2022-06-21 14:10:29', '2022-06-21 14:10:29'),
(289, 'Mojokerto', 11, '2022-06-21 14:09:48', '2022-06-21 14:09:48'),
(290, 'Mojokerto', 11, '2022-06-21 14:09:49', '2022-06-21 14:09:49'),
(291, 'Morowali', 29, '2022-06-21 14:10:25', '2022-06-21 14:10:25'),
(292, 'Muara Enim', 33, '2022-06-21 14:10:35', '2022-06-21 14:10:35'),
(293, 'Muaro Jambi', 8, '2022-06-21 14:09:40', '2022-06-21 14:09:40'),
(294, 'Muko Muko', 4, '2022-06-21 14:09:34', '2022-06-21 14:09:34'),
(295, 'Muna', 30, '2022-06-21 14:10:27', '2022-06-21 14:10:27'),
(296, 'Murung Raya', 14, '2022-06-21 14:09:55', '2022-06-21 14:09:55'),
(297, 'Musi Banyuasin', 33, '2022-06-21 14:10:35', '2022-06-21 14:10:35'),
(298, 'Musi Rawas', 33, '2022-06-21 14:10:35', '2022-06-21 14:10:35'),
(299, 'Nabire', 24, '2022-06-21 14:10:15', '2022-06-21 14:10:15'),
(300, 'Nagan Raya', 21, '2022-06-21 14:10:08', '2022-06-21 14:10:08'),
(301, 'Nagekeo', 23, '2022-06-21 14:10:12', '2022-06-21 14:10:12'),
(302, 'Natuna', 17, '2022-06-21 14:10:01', '2022-06-21 14:10:01'),
(303, 'Nduga', 24, '2022-06-21 14:10:15', '2022-06-21 14:10:15'),
(304, 'Ngada', 23, '2022-06-21 14:10:12', '2022-06-21 14:10:12'),
(305, 'Nganjuk', 11, '2022-06-21 14:09:49', '2022-06-21 14:09:49'),
(306, 'Ngawi', 11, '2022-06-21 14:09:49', '2022-06-21 14:09:49'),
(307, 'Nias', 34, '2022-06-21 14:10:38', '2022-06-21 14:10:38'),
(308, 'Nias Barat', 34, '2022-06-21 14:10:38', '2022-06-21 14:10:38'),
(309, 'Nias Selatan', 34, '2022-06-21 14:10:38', '2022-06-21 14:10:38'),
(310, 'Nias Utara', 34, '2022-06-21 14:10:39', '2022-06-21 14:10:39'),
(311, 'Nunukan', 16, '2022-06-21 14:09:59', '2022-06-21 14:09:59'),
(312, 'Ogan Ilir', 33, '2022-06-21 14:10:35', '2022-06-21 14:10:35'),
(313, 'Ogan Komering Ilir', 33, '2022-06-21 14:10:35', '2022-06-21 14:10:35'),
(314, 'Ogan Komering Ulu', 33, '2022-06-21 14:10:35', '2022-06-21 14:10:35'),
(315, 'Ogan Komering Ulu Selatan', 33, '2022-06-21 14:10:35', '2022-06-21 14:10:35'),
(316, 'Ogan Komering Ulu Timur', 33, '2022-06-21 14:10:35', '2022-06-21 14:10:35'),
(317, 'Pacitan', 11, '2022-06-21 14:09:49', '2022-06-21 14:09:49'),
(318, 'Padang', 32, '2022-06-21 14:10:31', '2022-06-21 14:10:31'),
(319, 'Padang Lawas', 34, '2022-06-21 14:10:39', '2022-06-21 14:10:39'),
(320, 'Padang Lawas Utara', 34, '2022-06-21 14:10:39', '2022-06-21 14:10:39'),
(321, 'Padang Panjang', 32, '2022-06-21 14:10:31', '2022-06-21 14:10:31'),
(322, 'Padang Pariaman', 32, '2022-06-21 14:10:31', '2022-06-21 14:10:31'),
(323, 'Padang Sidempuan', 34, '2022-06-21 14:10:39', '2022-06-21 14:10:39'),
(324, 'Pagar Alam', 33, '2022-06-21 14:10:35', '2022-06-21 14:10:35'),
(325, 'Pakpak Bharat', 34, '2022-06-21 14:10:39', '2022-06-21 14:10:39'),
(326, 'Palangka Raya', 14, '2022-06-21 14:09:56', '2022-06-21 14:09:56'),
(327, 'Palembang', 33, '2022-06-21 14:10:35', '2022-06-21 14:10:35'),
(328, 'Palopo', 28, '2022-06-21 14:10:22', '2022-06-21 14:10:22'),
(329, 'Palu', 29, '2022-06-21 14:10:25', '2022-06-21 14:10:25'),
(330, 'Pamekasan', 11, '2022-06-21 14:09:49', '2022-06-21 14:09:49'),
(331, 'Pandeglang', 3, '2022-06-21 14:09:31', '2022-06-21 14:09:31'),
(332, 'Pangandaran', 9, '2022-06-21 14:09:43', '2022-06-21 14:09:43'),
(333, 'Pangkajene Kepulauan', 28, '2022-06-21 14:10:23', '2022-06-21 14:10:23'),
(334, 'Pangkal Pinang', 2, '2022-06-21 14:09:30', '2022-06-21 14:09:30'),
(335, 'Paniai', 24, '2022-06-21 14:10:15', '2022-06-21 14:10:15'),
(336, 'Parepare', 28, '2022-06-21 14:10:23', '2022-06-21 14:10:23'),
(337, 'Pariaman', 32, '2022-06-21 14:10:31', '2022-06-21 14:10:31'),
(338, 'Parigi Moutong', 29, '2022-06-21 14:10:25', '2022-06-21 14:10:25'),
(339, 'Pasaman', 32, '2022-06-21 14:10:32', '2022-06-21 14:10:32'),
(340, 'Pasaman Barat', 32, '2022-06-21 14:10:32', '2022-06-21 14:10:32'),
(341, 'Paser', 15, '2022-06-21 14:09:57', '2022-06-21 14:09:57'),
(342, 'Pasuruan', 11, '2022-06-21 14:09:49', '2022-06-21 14:09:49'),
(343, 'Pasuruan', 11, '2022-06-21 14:09:49', '2022-06-21 14:09:49'),
(344, 'Pati', 10, '2022-06-21 14:09:45', '2022-06-21 14:09:45'),
(345, 'Payakumbuh', 32, '2022-06-21 14:10:32', '2022-06-21 14:10:32'),
(346, 'Pegunungan Arfak', 25, '2022-06-21 14:10:17', '2022-06-21 14:10:17'),
(347, 'Pegunungan Bintang', 24, '2022-06-21 14:10:15', '2022-06-21 14:10:15'),
(348, 'Pekalongan', 10, '2022-06-21 14:09:45', '2022-06-21 14:09:45'),
(349, 'Pekalongan', 10, '2022-06-21 14:09:45', '2022-06-21 14:09:45'),
(350, 'Pekanbaru', 26, '2022-06-21 14:10:19', '2022-06-21 14:10:19'),
(351, 'Pelalawan', 26, '2022-06-21 14:10:19', '2022-06-21 14:10:19'),
(352, 'Pemalang', 10, '2022-06-21 14:09:45', '2022-06-21 14:09:45'),
(353, 'Pematang Siantar', 34, '2022-06-21 14:10:39', '2022-06-21 14:10:39'),
(354, 'Penajam Paser Utara', 15, '2022-06-21 14:09:57', '2022-06-21 14:09:57'),
(355, 'Pesawaran', 18, '2022-06-21 14:10:03', '2022-06-21 14:10:03'),
(356, 'Pesisir Barat', 18, '2022-06-21 14:10:03', '2022-06-21 14:10:03'),
(357, 'Pesisir Selatan', 32, '2022-06-21 14:10:32', '2022-06-21 14:10:32'),
(358, 'Pidie', 21, '2022-06-21 14:10:08', '2022-06-21 14:10:08'),
(359, 'Pidie Jaya', 21, '2022-06-21 14:10:08', '2022-06-21 14:10:08'),
(360, 'Pinrang', 28, '2022-06-21 14:10:23', '2022-06-21 14:10:23'),
(361, 'Pohuwato', 7, '2022-06-21 14:09:38', '2022-06-21 14:09:38'),
(362, 'Polewali Mandar', 27, '2022-06-21 14:10:21', '2022-06-21 14:10:21'),
(363, 'Ponorogo', 11, '2022-06-21 14:09:49', '2022-06-21 14:09:49'),
(364, 'Pontianak', 12, '2022-06-21 14:09:51', '2022-06-21 14:09:51'),
(365, 'Pontianak', 12, '2022-06-21 14:09:51', '2022-06-21 14:09:51'),
(366, 'Poso', 29, '2022-06-21 14:10:25', '2022-06-21 14:10:25'),
(367, 'Prabumulih', 33, '2022-06-21 14:10:35', '2022-06-21 14:10:35'),
(368, 'Pringsewu', 18, '2022-06-21 14:10:03', '2022-06-21 14:10:03'),
(369, 'Probolinggo', 11, '2022-06-21 14:09:49', '2022-06-21 14:09:49'),
(370, 'Probolinggo', 11, '2022-06-21 14:09:49', '2022-06-21 14:09:49'),
(371, 'Pulang Pisau', 14, '2022-06-21 14:09:56', '2022-06-21 14:09:56'),
(372, 'Pulau Morotai', 20, '2022-06-21 14:10:06', '2022-06-21 14:10:06'),
(373, 'Puncak', 24, '2022-06-21 14:10:15', '2022-06-21 14:10:15'),
(374, 'Puncak Jaya', 24, '2022-06-21 14:10:15', '2022-06-21 14:10:15'),
(375, 'Purbalingga', 10, '2022-06-21 14:09:45', '2022-06-21 14:09:45'),
(376, 'Purwakarta', 9, '2022-06-21 14:09:43', '2022-06-21 14:09:43'),
(377, 'Purworejo', 10, '2022-06-21 14:09:45', '2022-06-21 14:09:45'),
(378, 'Raja Ampat', 25, '2022-06-21 14:10:17', '2022-06-21 14:10:17'),
(379, 'Rejang Lebong', 4, '2022-06-21 14:09:34', '2022-06-21 14:09:34'),
(380, 'Rembang', 10, '2022-06-21 14:09:45', '2022-06-21 14:09:45'),
(381, 'Rokan Hilir', 26, '2022-06-21 14:10:19', '2022-06-21 14:10:19'),
(382, 'Rokan Hulu', 26, '2022-06-21 14:10:19', '2022-06-21 14:10:19'),
(383, 'Rote Ndao', 23, '2022-06-21 14:10:12', '2022-06-21 14:10:12'),
(384, 'Sabang', 21, '2022-06-21 14:10:08', '2022-06-21 14:10:08'),
(385, 'Sabu Raijua', 23, '2022-06-21 14:10:12', '2022-06-21 14:10:12'),
(386, 'Salatiga', 10, '2022-06-21 14:09:45', '2022-06-21 14:09:45'),
(387, 'Samarinda', 15, '2022-06-21 14:09:57', '2022-06-21 14:09:57'),
(388, 'Sambas', 12, '2022-06-21 14:09:52', '2022-06-21 14:09:52'),
(389, 'Samosir', 34, '2022-06-21 14:10:39', '2022-06-21 14:10:39'),
(390, 'Sampang', 11, '2022-06-21 14:09:49', '2022-06-21 14:09:49'),
(391, 'Sanggau', 12, '2022-06-21 14:09:52', '2022-06-21 14:09:52'),
(392, 'Sarmi', 24, '2022-06-21 14:10:15', '2022-06-21 14:10:15'),
(393, 'Sarolangun', 8, '2022-06-21 14:09:40', '2022-06-21 14:09:40'),
(394, 'Sawah Lunto', 32, '2022-06-21 14:10:32', '2022-06-21 14:10:32'),
(395, 'Sekadau', 12, '2022-06-21 14:09:52', '2022-06-21 14:09:52'),
(396, 'Selayar (Kepulauan Selayar)', 28, '2022-06-21 14:10:23', '2022-06-21 14:10:23'),
(397, 'Seluma', 4, '2022-06-21 14:09:34', '2022-06-21 14:09:34'),
(398, 'Semarang', 10, '2022-06-21 14:09:46', '2022-06-21 14:09:46'),
(399, 'Semarang', 10, '2022-06-21 14:09:46', '2022-06-21 14:09:46'),
(400, 'Seram Bagian Barat', 19, '2022-06-21 14:10:04', '2022-06-21 14:10:04'),
(401, 'Seram Bagian Timur', 19, '2022-06-21 14:10:04', '2022-06-21 14:10:04'),
(402, 'Serang', 3, '2022-06-21 14:09:32', '2022-06-21 14:09:32'),
(403, 'Serang', 3, '2022-06-21 14:09:32', '2022-06-21 14:09:32'),
(404, 'Serdang Bedagai', 34, '2022-06-21 14:10:39', '2022-06-21 14:10:39'),
(405, 'Seruyan', 14, '2022-06-21 14:09:56', '2022-06-21 14:09:56'),
(406, 'Siak', 26, '2022-06-21 14:10:19', '2022-06-21 14:10:19'),
(407, 'Sibolga', 34, '2022-06-21 14:10:39', '2022-06-21 14:10:39'),
(408, 'Sidenreng Rappang/Rapang', 28, '2022-06-21 14:10:23', '2022-06-21 14:10:23'),
(409, 'Sidoarjo', 11, '2022-06-21 14:09:49', '2022-06-21 14:09:49'),
(410, 'Sigi', 29, '2022-06-21 14:10:25', '2022-06-21 14:10:25'),
(411, 'Sijunjung (Sawah Lunto Sijunjung)', 32, '2022-06-21 14:10:33', '2022-06-21 14:10:33'),
(412, 'Sikka', 23, '2022-06-21 14:10:12', '2022-06-21 14:10:12'),
(413, 'Simalungun', 34, '2022-06-21 14:10:40', '2022-06-21 14:10:40'),
(414, 'Simeulue', 21, '2022-06-21 14:10:08', '2022-06-21 14:10:08'),
(415, 'Singkawang', 12, '2022-06-21 14:09:52', '2022-06-21 14:09:52'),
(416, 'Sinjai', 28, '2022-06-21 14:10:23', '2022-06-21 14:10:23'),
(417, 'Sintang', 12, '2022-06-21 14:09:52', '2022-06-21 14:09:52'),
(418, 'Situbondo', 11, '2022-06-21 14:09:49', '2022-06-21 14:09:49'),
(419, 'Sleman', 5, '2022-06-21 14:09:35', '2022-06-21 14:09:35'),
(420, 'Solok', 32, '2022-06-21 14:10:33', '2022-06-21 14:10:33'),
(421, 'Solok', 32, '2022-06-21 14:10:33', '2022-06-21 14:10:33'),
(422, 'Solok Selatan', 32, '2022-06-21 14:10:33', '2022-06-21 14:10:33'),
(423, 'Soppeng', 28, '2022-06-21 14:10:23', '2022-06-21 14:10:23'),
(424, 'Sorong', 25, '2022-06-21 14:10:17', '2022-06-21 14:10:17'),
(425, 'Sorong', 25, '2022-06-21 14:10:17', '2022-06-21 14:10:17'),
(426, 'Sorong Selatan', 25, '2022-06-21 14:10:17', '2022-06-21 14:10:17'),
(427, 'Sragen', 10, '2022-06-21 14:09:46', '2022-06-21 14:09:46'),
(428, 'Subang', 9, '2022-06-21 14:09:43', '2022-06-21 14:09:43'),
(429, 'Subulussalam', 21, '2022-06-21 14:10:08', '2022-06-21 14:10:08'),
(430, 'Sukabumi', 9, '2022-06-21 14:09:43', '2022-06-21 14:09:43'),
(431, 'Sukabumi', 9, '2022-06-21 14:09:43', '2022-06-21 14:09:43'),
(432, 'Sukamara', 14, '2022-06-21 14:09:56', '2022-06-21 14:09:56'),
(433, 'Sukoharjo', 10, '2022-06-21 14:09:46', '2022-06-21 14:09:46'),
(434, 'Sumba Barat', 23, '2022-06-21 14:10:12', '2022-06-21 14:10:12'),
(435, 'Sumba Barat Daya', 23, '2022-06-21 14:10:12', '2022-06-21 14:10:12'),
(436, 'Sumba Tengah', 23, '2022-06-21 14:10:12', '2022-06-21 14:10:12'),
(437, 'Sumba Timur', 23, '2022-06-21 14:10:12', '2022-06-21 14:10:12'),
(438, 'Sumbawa', 22, '2022-06-21 14:10:10', '2022-06-21 14:10:10'),
(439, 'Sumbawa Barat', 22, '2022-06-21 14:10:10', '2022-06-21 14:10:10'),
(440, 'Sumedang', 9, '2022-06-21 14:09:43', '2022-06-21 14:09:43'),
(441, 'Sumenep', 11, '2022-06-21 14:09:49', '2022-06-21 14:09:49'),
(442, 'Sungaipenuh', 8, '2022-06-21 14:09:40', '2022-06-21 14:09:40'),
(443, 'Supiori', 24, '2022-06-21 14:10:15', '2022-06-21 14:10:15'),
(444, 'Surabaya', 11, '2022-06-21 14:09:49', '2022-06-21 14:09:49'),
(445, 'Surakarta (Solo)', 10, '2022-06-21 14:09:46', '2022-06-21 14:09:46'),
(446, 'Tabalong', 13, '2022-06-21 14:09:54', '2022-06-21 14:09:54'),
(447, 'Tabanan', 1, '2022-06-21 14:09:28', '2022-06-21 14:09:28'),
(448, 'Takalar', 28, '2022-06-21 14:10:23', '2022-06-21 14:10:23'),
(449, 'Tambrauw', 25, '2022-06-21 14:10:17', '2022-06-21 14:10:17'),
(450, 'Tana Tidung', 16, '2022-06-21 14:09:59', '2022-06-21 14:09:59'),
(451, 'Tana Toraja', 28, '2022-06-21 14:10:23', '2022-06-21 14:10:23'),
(452, 'Tanah Bumbu', 13, '2022-06-21 14:09:54', '2022-06-21 14:09:54'),
(453, 'Tanah Datar', 32, '2022-06-21 14:10:33', '2022-06-21 14:10:33'),
(454, 'Tanah Laut', 13, '2022-06-21 14:09:54', '2022-06-21 14:09:54'),
(455, 'Tangerang', 3, '2022-06-21 14:09:32', '2022-06-21 14:09:32'),
(456, 'Tangerang', 3, '2022-06-21 14:09:32', '2022-06-21 14:09:32'),
(457, 'Tangerang Selatan', 3, '2022-06-21 14:09:32', '2022-06-21 14:09:32'),
(458, 'Tanggamus', 18, '2022-06-21 14:10:03', '2022-06-21 14:10:03'),
(459, 'Tanjung Balai', 34, '2022-06-21 14:10:40', '2022-06-21 14:10:40'),
(460, 'Tanjung Jabung Barat', 8, '2022-06-21 14:09:40', '2022-06-21 14:09:40'),
(461, 'Tanjung Jabung Timur', 8, '2022-06-21 14:09:40', '2022-06-21 14:09:40'),
(462, 'Tanjung Pinang', 17, '2022-06-21 14:10:01', '2022-06-21 14:10:01'),
(463, 'Tapanuli Selatan', 34, '2022-06-21 14:10:40', '2022-06-21 14:10:40'),
(464, 'Tapanuli Tengah', 34, '2022-06-21 14:10:40', '2022-06-21 14:10:40'),
(465, 'Tapanuli Utara', 34, '2022-06-21 14:10:40', '2022-06-21 14:10:40'),
(466, 'Tapin', 13, '2022-06-21 14:09:54', '2022-06-21 14:09:54'),
(467, 'Tarakan', 16, '2022-06-21 14:09:59', '2022-06-21 14:09:59'),
(468, 'Tasikmalaya', 9, '2022-06-21 14:09:43', '2022-06-21 14:09:43'),
(469, 'Tasikmalaya', 9, '2022-06-21 14:09:43', '2022-06-21 14:09:43'),
(470, 'Tebing Tinggi', 34, '2022-06-21 14:10:40', '2022-06-21 14:10:40'),
(471, 'Tebo', 8, '2022-06-21 14:09:40', '2022-06-21 14:09:40'),
(472, 'Tegal', 10, '2022-06-21 14:09:46', '2022-06-21 14:09:46'),
(473, 'Tegal', 10, '2022-06-21 14:09:46', '2022-06-21 14:09:46'),
(474, 'Teluk Bintuni', 25, '2022-06-21 14:10:17', '2022-06-21 14:10:17'),
(475, 'Teluk Wondama', 25, '2022-06-21 14:10:17', '2022-06-21 14:10:17'),
(476, 'Temanggung', 10, '2022-06-21 14:09:46', '2022-06-21 14:09:46'),
(477, 'Ternate', 20, '2022-06-21 14:10:06', '2022-06-21 14:10:06'),
(478, 'Tidore Kepulauan', 20, '2022-06-21 14:10:06', '2022-06-21 14:10:06'),
(479, 'Timor Tengah Selatan', 23, '2022-06-21 14:10:12', '2022-06-21 14:10:12'),
(480, 'Timor Tengah Utara', 23, '2022-06-21 14:10:13', '2022-06-21 14:10:13'),
(481, 'Toba Samosir', 34, '2022-06-21 14:10:40', '2022-06-21 14:10:40'),
(482, 'Tojo Una-Una', 29, '2022-06-21 14:10:25', '2022-06-21 14:10:25'),
(483, 'Toli-Toli', 29, '2022-06-21 14:10:25', '2022-06-21 14:10:25'),
(484, 'Tolikara', 24, '2022-06-21 14:10:15', '2022-06-21 14:10:15'),
(485, 'Tomohon', 31, '2022-06-21 14:10:29', '2022-06-21 14:10:29'),
(486, 'Toraja Utara', 28, '2022-06-21 14:10:23', '2022-06-21 14:10:23'),
(487, 'Trenggalek', 11, '2022-06-21 14:09:50', '2022-06-21 14:09:50'),
(488, 'Tual', 19, '2022-06-21 14:10:04', '2022-06-21 14:10:04'),
(489, 'Tuban', 11, '2022-06-21 14:09:50', '2022-06-21 14:09:50'),
(490, 'Tulang Bawang', 18, '2022-06-21 14:10:03', '2022-06-21 14:10:03'),
(491, 'Tulang Bawang Barat', 18, '2022-06-21 14:10:03', '2022-06-21 14:10:03'),
(492, 'Tulungagung', 11, '2022-06-21 14:09:50', '2022-06-21 14:09:50'),
(493, 'Wajo', 28, '2022-06-21 14:10:23', '2022-06-21 14:10:23'),
(494, 'Wakatobi', 30, '2022-06-21 14:10:27', '2022-06-21 14:10:27'),
(495, 'Waropen', 24, '2022-06-21 14:10:15', '2022-06-21 14:10:15'),
(496, 'Way Kanan', 18, '2022-06-21 14:10:03', '2022-06-21 14:10:03'),
(497, 'Wonogiri', 10, '2022-06-21 14:09:46', '2022-06-21 14:09:46'),
(498, 'Wonosobo', 10, '2022-06-21 14:09:46', '2022-06-21 14:09:46'),
(499, 'Yahukimo', 24, '2022-06-21 14:10:15', '2022-06-21 14:10:15'),
(500, 'Yalimo', 24, '2022-06-21 14:10:15', '2022-06-21 14:10:15'),
(501, 'Yogyakarta', 5, '2022-06-21 14:09:35', '2022-06-21 14:09:35');

-- --------------------------------------------------------

--
-- Table structure for table `metodes`
--

CREATE TABLE `metodes` (
  `id` bigint(20) UNSIGNED NOT NULL,
  `namametode` varchar(255) COLLATE utf8mb4_unicode_ci NOT NULL,
  `gambarmetode` varchar(255) COLLATE utf8mb4_unicode_ci NOT NULL,
  `namapemilik` varchar(255) COLLATE utf8mb4_unicode_ci NOT NULL,
  `norekening` varchar(255) COLLATE utf8mb4_unicode_ci NOT NULL,
  `created_at` timestamp NULL DEFAULT NULL,
  `updated_at` timestamp NULL DEFAULT NULL
) ENGINE=InnoDB DEFAULT CHARSET=utf8mb4 COLLATE=utf8mb4_unicode_ci;

-- --------------------------------------------------------

--
-- Table structure for table `migrations`
--

CREATE TABLE `migrations` (
  `id` int(10) UNSIGNED NOT NULL,
  `migration` varchar(255) COLLATE utf8mb4_unicode_ci NOT NULL,
  `batch` int(11) NOT NULL
) ENGINE=InnoDB DEFAULT CHARSET=utf8mb4 COLLATE=utf8mb4_unicode_ci;

--
-- Dumping data for table `migrations`
--

INSERT INTO `migrations` (`id`, `migration`, `batch`) VALUES
(14, '2012_10_29_165602_create_provinsi_table', 1),
(15, '2012_11_29_182119_create_kota_table', 1),
(16, '2013_06_12_000000_create_users_table', 1),
(17, '2013_07_12_081359_create_produk_table', 1),
(18, '2013_11_29_174313_create_pesanan_table', 1),
(19, '2014_10_12_100000_create_password_resets_table', 1),
(20, '2019_08_19_000000_create_failed_jobs_table', 1),
(21, '2019_11_29_174459_create_pesanan_logs_table', 1),
(22, '2019_11_29_175414_create_pesanan_produk_table', 1),
(23, '2019_12_14_000001_create_personal_access_tokens_table', 1),
(24, '2022_06_29_094756_create_kategoris_table', 1),
(25, '2022_07_20_075532_create_metodes_table', 1),
(26, '2022_11_29_173250_create_keranjang_table', 1),
(27, '2019_11_29_165416_add_kolom_stok', 2),
(28, '2022_07_26_142338_add_kolom_ongkos_kirim', 3),
(29, '2022_07_26_144549_create_transfer_pembayaran_table', 4),
(30, '2022_07_26_145207_add_kolom_status_verifikasi', 5),
(31, '2022_07_26_230500_add_resi_table', 6),
(32, '2022_07_26_231041_create_transfer_pembayaran_table', 7),
(33, '2022_07_26_231601_add_kolom_status_verifikasi', 8);

-- --------------------------------------------------------

--
-- Table structure for table `password_resets`
--

CREATE TABLE `password_resets` (
  `email` varchar(255) COLLATE utf8mb4_unicode_ci NOT NULL,
  `token` varchar(255) COLLATE utf8mb4_unicode_ci NOT NULL,
  `created_at` timestamp NULL DEFAULT NULL
) ENGINE=InnoDB DEFAULT CHARSET=utf8mb4 COLLATE=utf8mb4_unicode_ci;

-- --------------------------------------------------------

--
-- Table structure for table `personal_access_tokens`
--

CREATE TABLE `personal_access_tokens` (
  `id` bigint(20) UNSIGNED NOT NULL,
  `tokenable_type` varchar(255) COLLATE utf8mb4_unicode_ci NOT NULL,
  `tokenable_id` bigint(20) UNSIGNED NOT NULL,
  `name` varchar(255) COLLATE utf8mb4_unicode_ci NOT NULL,
  `token` varchar(64) COLLATE utf8mb4_unicode_ci NOT NULL,
  `abilities` text COLLATE utf8mb4_unicode_ci DEFAULT NULL,
  `last_used_at` timestamp NULL DEFAULT NULL,
  `created_at` timestamp NULL DEFAULT NULL,
  `updated_at` timestamp NULL DEFAULT NULL
) ENGINE=InnoDB DEFAULT CHARSET=utf8mb4 COLLATE=utf8mb4_unicode_ci;

-- --------------------------------------------------------

--
-- Table structure for table `pesanan`
--

CREATE TABLE `pesanan` (
  `id` bigint(20) UNSIGNED NOT NULL,
  `user_id` bigint(20) UNSIGNED NOT NULL,
  `total_berat` varchar(255) COLLATE utf8mb4_unicode_ci NOT NULL,
  `total_bayar` varchar(255) COLLATE utf8mb4_unicode_ci NOT NULL,
  `ongkos_kirim` varchar(255) COLLATE utf8mb4_unicode_ci NOT NULL,
  `metode_pembayaran` varchar(255) COLLATE utf8mb4_unicode_ci NOT NULL,
  `status_pesanan` varchar(255) COLLATE utf8mb4_unicode_ci NOT NULL,
  `resi` varchar(255) COLLATE utf8mb4_unicode_ci DEFAULT NULL,
  `created_at` timestamp NULL DEFAULT NULL,
  `updated_at` timestamp NULL DEFAULT NULL
) ENGINE=InnoDB DEFAULT CHARSET=utf8mb4 COLLATE=utf8mb4_unicode_ci;

-- --------------------------------------------------------

--
-- Table structure for table `pesanan_logs`
--

CREATE TABLE `pesanan_logs` (
  `id` bigint(20) UNSIGNED NOT NULL,
  `pesanan_id` bigint(20) UNSIGNED NOT NULL,
  `pesanan_status` varchar(255) COLLATE utf8mb4_unicode_ci NOT NULL,
  `created_at` timestamp NULL DEFAULT NULL,
  `updated_at` timestamp NULL DEFAULT NULL
) ENGINE=InnoDB DEFAULT CHARSET=utf8mb4 COLLATE=utf8mb4_unicode_ci;

--
-- Dumping data for table `pesanan_logs`
--

INSERT INTO `pesanan_logs` (`id`, `pesanan_id`, `pesanan_status`, `created_at`, `updated_at`) VALUES
(1, 14, 'Dikemas', '2022-07-26 17:05:42', '2022-07-26 17:05:42'),
(2, 14, 'Dikirim', '2022-07-26 17:05:49', '2022-07-26 17:05:49'),
(5, 14, 'Terkirim', '2022-07-26 17:07:03', '2022-07-26 17:07:03'),
(6, 14, 'Pesanan Di Terima', '2022-07-27 03:28:45', '2022-07-27 03:28:45'),
(7, 14, 'Pesanan Di Terima', '2022-07-27 03:28:45', '2022-07-27 03:28:45'),
(8, 15, 'Dikemas', '2022-07-27 06:56:24', '2022-07-27 06:56:24'),
(9, 15, 'Dikirim', '2022-07-27 06:57:21', '2022-07-27 06:57:21'),
(10, 15, 'Terkirim', '2022-07-27 06:57:28', '2022-07-27 06:57:28'),
(11, 15, 'Pesanan Di Terima', '2022-07-27 06:58:00', '2022-07-27 06:58:00');

-- --------------------------------------------------------

--
-- Table structure for table `pesanan_produk`
--

CREATE TABLE `pesanan_produk` (
  `id` bigint(20) UNSIGNED NOT NULL,
  `user_id` bigint(20) UNSIGNED NOT NULL,
  `pesanan_id` bigint(20) UNSIGNED NOT NULL,
  `produk_id` bigint(20) UNSIGNED NOT NULL,
  `kuantitas` varchar(255) COLLATE utf8mb4_unicode_ci NOT NULL,
  `created_at` timestamp NULL DEFAULT NULL,
  `updated_at` timestamp NULL DEFAULT NULL
) ENGINE=InnoDB DEFAULT CHARSET=utf8mb4 COLLATE=utf8mb4_unicode_ci;

-- --------------------------------------------------------

--
-- Table structure for table `produk`
--

CREATE TABLE `produk` (
  `id` bigint(20) UNSIGNED NOT NULL,
  `namaproduk` varchar(255) COLLATE utf8mb4_unicode_ci NOT NULL,
  `slug` varchar(255) COLLATE utf8mb4_unicode_ci NOT NULL,
  `kategoris_id` bigint(20) UNSIGNED DEFAULT NULL,
  `harga` varchar(255) COLLATE utf8mb4_unicode_ci NOT NULL,
  `diskon` varchar(255) COLLATE utf8mb4_unicode_ci DEFAULT NULL,
  `berat` varchar(255) COLLATE utf8mb4_unicode_ci NOT NULL,
  `deskripsi` varchar(255) COLLATE utf8mb4_unicode_ci NOT NULL,
  `stok` varchar(255) COLLATE utf8mb4_unicode_ci DEFAULT NULL,
  `gambarproduk1` varchar(255) COLLATE utf8mb4_unicode_ci NOT NULL,
  `gambarproduk2` varchar(255) COLLATE utf8mb4_unicode_ci NOT NULL,
  `gambarproduk3` varchar(255) COLLATE utf8mb4_unicode_ci NOT NULL,
  `gambarproduk4` varchar(255) COLLATE utf8mb4_unicode_ci NOT NULL,
  `status` varchar(255) COLLATE utf8mb4_unicode_ci NOT NULL DEFAULT '1',
  `created_at` timestamp NULL DEFAULT NULL,
  `updated_at` timestamp NULL DEFAULT NULL
) ENGINE=InnoDB DEFAULT CHARSET=utf8mb4 COLLATE=utf8mb4_unicode_ci;

--
-- Dumping data for table `produk`
--

INSERT INTO `produk` (`id`, `namaproduk`, `slug`, `kategoris_id`, `harga`, `diskon`, `berat`, `deskripsi`, `stok`, `gambarproduk1`, `gambarproduk2`, `gambarproduk3`, `gambarproduk4`, `status`, `created_at`, `updated_at`) VALUES
(1, 'Sepatu SMA', 'sepatu-sma', 2, '20000', '0', '200', 'Tes', '2', 'c4.jpg', 'lining.jpg', 'Produk_0.concaef.jpg', 'Produk_0.concaef.jpg', '0', '2019-11-29 10:19:02', '2022-07-26 16:15:07'),
(2, 'Sepatu Z', 'sepatu-z', 2, '30000', '0', '100', 'Tes', '', 'concaef.jpg', 'Produk_0.concaef.jpg', 'lining.jpg', 'lining.jpg', '0', '2019-11-29 12:55:24', '2022-07-26 16:15:07'),
(3, 'Sepatu I', 'sepatu-i', 2, '10000', '10', '100', 'TEs', '2', 'speech.jpg', 'concaef.jpg', 'lining.jpg', 'Produk_0.concaef.jpg', '0', '2019-11-29 10:12:17', '2022-07-26 16:15:07');

-- --------------------------------------------------------

--
-- Table structure for table `provinsi`
--

CREATE TABLE `provinsi` (
  `id` bigint(20) UNSIGNED NOT NULL,
  `nama` varchar(255) COLLATE utf8mb4_unicode_ci NOT NULL,
  `created_at` timestamp NULL DEFAULT NULL,
  `updated_at` timestamp NULL DEFAULT NULL
) ENGINE=InnoDB DEFAULT CHARSET=utf8mb4 COLLATE=utf8mb4_unicode_ci;

--
-- Dumping data for table `provinsi`
--

INSERT INTO `provinsi` (`id`, `nama`, `created_at`, `updated_at`) VALUES
(1, 'Bali', '2022-06-21 14:09:26', '2022-06-21 14:09:26'),
(2, 'Bangka Belitung', '2022-06-21 14:09:28', '2022-06-21 14:09:28'),
(3, 'Banten', '2022-06-21 14:09:30', '2022-06-21 14:09:30'),
(4, 'Bengkulu', '2022-06-21 14:09:32', '2022-06-21 14:09:32'),
(5, 'DI Yogyakarta', '2022-06-21 14:09:34', '2022-06-21 14:09:34'),
(6, 'DKI Jakarta', '2022-06-21 14:09:35', '2022-06-21 14:09:35'),
(7, 'Gorontalo', '2022-06-21 14:09:37', '2022-06-21 14:09:37'),
(8, 'Jambi', '2022-06-21 14:09:38', '2022-06-21 14:09:38'),
(9, 'Jawa Barat', '2022-06-21 14:09:40', '2022-06-21 14:09:40'),
(10, 'Jawa Tengah', '2022-06-21 14:09:43', '2022-06-21 14:09:43'),
(11, 'Jawa Timur', '2022-06-21 14:09:46', '2022-06-21 14:09:46'),
(12, 'Kalimantan Barat', '2022-06-21 14:09:50', '2022-06-21 14:09:50'),
(13, 'Kalimantan Selatan', '2022-06-21 14:09:52', '2022-06-21 14:09:52'),
(14, 'Kalimantan Tengah', '2022-06-21 14:09:54', '2022-06-21 14:09:54'),
(15, 'Kalimantan Timur', '2022-06-21 14:09:56', '2022-06-21 14:09:56'),
(16, 'Kalimantan Utara', '2022-06-21 14:09:57', '2022-06-21 14:09:57'),
(17, 'Kepulauan Riau', '2022-06-21 14:09:59', '2022-06-21 14:09:59'),
(18, 'Lampung', '2022-06-21 14:10:01', '2022-06-21 14:10:01'),
(19, 'Maluku', '2022-06-21 14:10:03', '2022-06-21 14:10:03'),
(20, 'Maluku Utara', '2022-06-21 14:10:05', '2022-06-21 14:10:05'),
(21, 'Nanggroe Aceh Darussalam (NAD)', '2022-06-21 14:10:06', '2022-06-21 14:10:06'),
(22, 'Nusa Tenggara Barat (NTB)', '2022-06-21 14:10:08', '2022-06-21 14:10:08'),
(23, 'Nusa Tenggara Timur (NTT)', '2022-06-21 14:10:10', '2022-06-21 14:10:10'),
(24, 'Papua', '2022-06-21 14:10:13', '2022-06-21 14:10:13'),
(25, 'Papua Barat', '2022-06-21 14:10:15', '2022-06-21 14:10:15'),
(26, 'Riau', '2022-06-21 14:10:17', '2022-06-21 14:10:17'),
(27, 'Sulawesi Barat', '2022-06-21 14:10:19', '2022-06-21 14:10:19'),
(28, 'Sulawesi Selatan', '2022-06-21 14:10:21', '2022-06-21 14:10:21'),
(29, 'Sulawesi Tengah', '2022-06-21 14:10:23', '2022-06-21 14:10:23'),
(30, 'Sulawesi Tenggara', '2022-06-21 14:10:25', '2022-06-21 14:10:25'),
(31, 'Sulawesi Utara', '2022-06-21 14:10:27', '2022-06-21 14:10:27'),
(32, 'Sumatera Barat', '2022-06-21 14:10:29', '2022-06-21 14:10:29'),
(33, 'Sumatera Selatan', '2022-06-21 14:10:33', '2022-06-21 14:10:33'),
(34, 'Sumatera Utara', '2022-06-21 14:10:35', '2022-06-21 14:10:35');

-- --------------------------------------------------------

--
-- Table structure for table `transfer_pembayaran`
--

CREATE TABLE `transfer_pembayaran` (
  `id` bigint(20) UNSIGNED NOT NULL,
  `user_id` bigint(20) UNSIGNED NOT NULL,
  `pesanan_id` bigint(20) UNSIGNED NOT NULL,
  `bukti_bayar` text COLLATE utf8mb4_unicode_ci NOT NULL,
  `status_verifikasi` varchar(255) COLLATE utf8mb4_unicode_ci NOT NULL,
  `created_at` timestamp NULL DEFAULT NULL,
  `updated_at` timestamp NULL DEFAULT NULL
) ENGINE=InnoDB DEFAULT CHARSET=utf8mb4 COLLATE=utf8mb4_unicode_ci;

-- --------------------------------------------------------

--
-- Table structure for table `users`
--

CREATE TABLE `users` (
  `id` bigint(20) UNSIGNED NOT NULL,
  `name` varchar(255) COLLATE utf8mb4_unicode_ci NOT NULL,
  `email` varchar(255) COLLATE utf8mb4_unicode_ci NOT NULL,
  `password` varchar(255) COLLATE utf8mb4_unicode_ci NOT NULL,
  `alamat` text COLLATE utf8mb4_unicode_ci NOT NULL,
  `provinsi_id` bigint(20) UNSIGNED NOT NULL,
  `kota_id` bigint(20) UNSIGNED NOT NULL,
  `nomor_hp` bigint(20) UNSIGNED NOT NULL,
  `peran` varchar(255) COLLATE utf8mb4_unicode_ci NOT NULL,
  `email_verified_at` timestamp NULL DEFAULT NULL,
  `remember_token` varchar(100) COLLATE utf8mb4_unicode_ci DEFAULT NULL,
  `created_at` timestamp NULL DEFAULT NULL,
  `updated_at` timestamp NULL DEFAULT NULL
) ENGINE=InnoDB DEFAULT CHARSET=utf8mb4 COLLATE=utf8mb4_unicode_ci;

--
-- Dumping data for table `users`
--

INSERT INTO `users` (`id`, `name`, `email`, `password`, `alamat`, `provinsi_id`, `kota_id`, `nomor_hp`, `peran`, `email_verified_at`, `remember_token`, `created_at`, `updated_at`) VALUES
(1, 'admin', 'admin@gmail.com', '$2y$10$1x73cuPQw6WRO/C7/LnCS.9ZxSW077TVQrWukLxhiiYit6j7XjRJK', 'Jl. Alianyang', 12, 364, 895704043814, 'Admin', NULL, NULL, '2019-11-29 11:51:15', '2019-11-29 11:51:15'),
(2, 'user', 'user@gmail.com', '$2y$10$1x73cuPQw6WRO/C7/LnCS.9ZxSW077TVQrWukLxhiiYit6j7XjRJK', 'Jl. Alianyang', 12, 364, 895704043814, 'Pelanggan', NULL, NULL, '2019-11-29 11:51:15', '2019-11-29 11:51:15'),
(3, 'Pur', 'purnommo406@gmail.com', '$2y$10$NXmBbJ4cZzTQJtfkZsHb8eZrvqyWuJVJulsrn9qMWkdNFekXthPLC', 'Jl. Alianyang', 12, 415, 895704043814, 'Pelanggan', NULL, NULL, '2022-07-26 00:40:38', '2022-07-26 00:40:38'),
(4, 'Pur', 'purnommo405@gmail.com', '$2y$10$CAcoIIl8oV0DjUWhrRtjoO0zkAHBTAuROWPGS49swA/LzVY8ik8NC', 'Jl. Alianyang', 12, 415, 895704043814, 'Pelanggan', NULL, NULL, '2022-07-26 00:48:45', '2022-07-26 00:48:45');

--
-- Indexes for dumped tables
--

--
-- Indexes for table `failed_jobs`
--
ALTER TABLE `failed_jobs`
  ADD PRIMARY KEY (`id`),
  ADD UNIQUE KEY `failed_jobs_uuid_unique` (`uuid`);

--
-- Indexes for table `kategoris`
--
ALTER TABLE `kategoris`
  ADD PRIMARY KEY (`id`),
  ADD UNIQUE KEY `kategoris_slug_unique` (`slug`);

--
-- Indexes for table `keranjang`
--
ALTER TABLE `keranjang`
  ADD PRIMARY KEY (`id`),
  ADD KEY `keranjang_user_id_foreign` (`user_id`),
  ADD KEY `keranjang_produk_id_foreign` (`produk_id`);

--
-- Indexes for table `kota`
--
ALTER TABLE `kota`
  ADD PRIMARY KEY (`id`),
  ADD KEY `kota_provinsi_id_foreign` (`provinsi_id`);

--
-- Indexes for table `metodes`
--
ALTER TABLE `metodes`
  ADD PRIMARY KEY (`id`);

--
-- Indexes for table `migrations`
--
ALTER TABLE `migrations`
  ADD PRIMARY KEY (`id`);

--
-- Indexes for table `password_resets`
--
ALTER TABLE `password_resets`
  ADD KEY `password_resets_email_index` (`email`);

--
-- Indexes for table `personal_access_tokens`
--
ALTER TABLE `personal_access_tokens`
  ADD PRIMARY KEY (`id`),
  ADD UNIQUE KEY `personal_access_tokens_token_unique` (`token`),
  ADD KEY `personal_access_tokens_tokenable_type_tokenable_id_index` (`tokenable_type`,`tokenable_id`);

--
-- Indexes for table `pesanan`
--
ALTER TABLE `pesanan`
  ADD PRIMARY KEY (`id`),
  ADD KEY `pesanan_user_id_foreign` (`user_id`);

--
-- Indexes for table `pesanan_logs`
--
ALTER TABLE `pesanan_logs`
  ADD PRIMARY KEY (`id`);

--
-- Indexes for table `pesanan_produk`
--
ALTER TABLE `pesanan_produk`
  ADD PRIMARY KEY (`id`),
  ADD KEY `pesanan_produk_user_id_foreign` (`user_id`),
  ADD KEY `pesanan_produk_pesanan_id_foreign` (`pesanan_id`),
  ADD KEY `pesanan_produk_produk_id_foreign` (`produk_id`);

--
-- Indexes for table `produk`
--
ALTER TABLE `produk`
  ADD PRIMARY KEY (`id`);

--
-- Indexes for table `provinsi`
--
ALTER TABLE `provinsi`
  ADD PRIMARY KEY (`id`);

--
-- Indexes for table `transfer_pembayaran`
--
ALTER TABLE `transfer_pembayaran`
  ADD PRIMARY KEY (`id`),
  ADD KEY `transfer_pembayaran_user_id_foreign` (`user_id`),
  ADD KEY `transfer_pembayaran_pesanan_id_foreign` (`pesanan_id`);

--
-- Indexes for table `users`
--
ALTER TABLE `users`
  ADD PRIMARY KEY (`id`),
  ADD UNIQUE KEY `users_email_unique` (`email`),
  ADD KEY `users_provinsi_id_foreign` (`provinsi_id`),
  ADD KEY `users_kota_id_foreign` (`kota_id`);

--
-- AUTO_INCREMENT for dumped tables
--

--
-- AUTO_INCREMENT for table `failed_jobs`
--
ALTER TABLE `failed_jobs`
  MODIFY `id` bigint(20) UNSIGNED NOT NULL AUTO_INCREMENT;

--
-- AUTO_INCREMENT for table `kategoris`
--
ALTER TABLE `kategoris`
  MODIFY `id` bigint(20) UNSIGNED NOT NULL AUTO_INCREMENT, AUTO_INCREMENT=3;

--
-- AUTO_INCREMENT for table `keranjang`
--
ALTER TABLE `keranjang`
  MODIFY `id` bigint(20) UNSIGNED NOT NULL AUTO_INCREMENT, AUTO_INCREMENT=15;

--
-- AUTO_INCREMENT for table `kota`
--
ALTER TABLE `kota`
  MODIFY `id` bigint(20) UNSIGNED NOT NULL AUTO_INCREMENT, AUTO_INCREMENT=502;

--
-- AUTO_INCREMENT for table `metodes`
--
ALTER TABLE `metodes`
  MODIFY `id` bigint(20) UNSIGNED NOT NULL AUTO_INCREMENT;

--
-- AUTO_INCREMENT for table `migrations`
--
ALTER TABLE `migrations`
  MODIFY `id` int(10) UNSIGNED NOT NULL AUTO_INCREMENT, AUTO_INCREMENT=34;

--
-- AUTO_INCREMENT for table `personal_access_tokens`
--
ALTER TABLE `personal_access_tokens`
  MODIFY `id` bigint(20) UNSIGNED NOT NULL AUTO_INCREMENT;

--
-- AUTO_INCREMENT for table `pesanan`
--
ALTER TABLE `pesanan`
  MODIFY `id` bigint(20) UNSIGNED NOT NULL AUTO_INCREMENT, AUTO_INCREMENT=17;

--
-- AUTO_INCREMENT for table `pesanan_logs`
--
ALTER TABLE `pesanan_logs`
  MODIFY `id` bigint(20) UNSIGNED NOT NULL AUTO_INCREMENT, AUTO_INCREMENT=12;

--
-- AUTO_INCREMENT for table `pesanan_produk`
--
ALTER TABLE `pesanan_produk`
  MODIFY `id` bigint(20) UNSIGNED NOT NULL AUTO_INCREMENT, AUTO_INCREMENT=46;

--
-- AUTO_INCREMENT for table `produk`
--
ALTER TABLE `produk`
  MODIFY `id` bigint(20) UNSIGNED NOT NULL AUTO_INCREMENT, AUTO_INCREMENT=4;

--
-- AUTO_INCREMENT for table `provinsi`
--
ALTER TABLE `provinsi`
  MODIFY `id` bigint(20) UNSIGNED NOT NULL AUTO_INCREMENT, AUTO_INCREMENT=35;

--
-- AUTO_INCREMENT for table `transfer_pembayaran`
--
ALTER TABLE `transfer_pembayaran`
  MODIFY `id` bigint(20) UNSIGNED NOT NULL AUTO_INCREMENT, AUTO_INCREMENT=4;

--
-- AUTO_INCREMENT for table `users`
--
ALTER TABLE `users`
  MODIFY `id` bigint(20) UNSIGNED NOT NULL AUTO_INCREMENT, AUTO_INCREMENT=5;

--
-- Constraints for dumped tables
--

--
-- Constraints for table `keranjang`
--
ALTER TABLE `keranjang`
  ADD CONSTRAINT `keranjang_produk_id_foreign` FOREIGN KEY (`produk_id`) REFERENCES `produk` (`id`) ON DELETE CASCADE,
  ADD CONSTRAINT `keranjang_user_id_foreign` FOREIGN KEY (`user_id`) REFERENCES `users` (`id`) ON DELETE CASCADE;

--
-- Constraints for table `kota`
--
ALTER TABLE `kota`
  ADD CONSTRAINT `kota_provinsi_id_foreign` FOREIGN KEY (`provinsi_id`) REFERENCES `provinsi` (`id`) ON DELETE CASCADE;

--
-- Constraints for table `pesanan`
--
ALTER TABLE `pesanan`
  ADD CONSTRAINT `pesanan_user_id_foreign` FOREIGN KEY (`user_id`) REFERENCES `users` (`id`) ON DELETE CASCADE;

--
-- Constraints for table `pesanan_produk`
--
ALTER TABLE `pesanan_produk`
  ADD CONSTRAINT `pesanan_produk_pesanan_id_foreign` FOREIGN KEY (`pesanan_id`) REFERENCES `pesanan` (`id`) ON DELETE CASCADE,
  ADD CONSTRAINT `pesanan_produk_produk_id_foreign` FOREIGN KEY (`produk_id`) REFERENCES `produk` (`id`) ON DELETE CASCADE,
  ADD CONSTRAINT `pesanan_produk_user_id_foreign` FOREIGN KEY (`user_id`) REFERENCES `users` (`id`) ON DELETE CASCADE;

--
-- Constraints for table `transfer_pembayaran`
--
ALTER TABLE `transfer_pembayaran`
  ADD CONSTRAINT `transfer_pembayaran_pesanan_id_foreign` FOREIGN KEY (`pesanan_id`) REFERENCES `pesanan` (`id`) ON DELETE CASCADE,
  ADD CONSTRAINT `transfer_pembayaran_user_id_foreign` FOREIGN KEY (`user_id`) REFERENCES `users` (`id`) ON DELETE CASCADE;

--
-- Constraints for table `users`
--
ALTER TABLE `users`
  ADD CONSTRAINT `users_kota_id_foreign` FOREIGN KEY (`kota_id`) REFERENCES `kota` (`id`) ON DELETE CASCADE,
  ADD CONSTRAINT `users_provinsi_id_foreign` FOREIGN KEY (`provinsi_id`) REFERENCES `provinsi` (`id`) ON DELETE CASCADE;
COMMIT;

/*!40101 SET CHARACTER_SET_CLIENT=@OLD_CHARACTER_SET_CLIENT */;
/*!40101 SET CHARACTER_SET_RESULTS=@OLD_CHARACTER_SET_RESULTS */;
/*!40101 SET COLLATION_CONNECTION=@OLD_COLLATION_CONNECTION */;
